ID,CAPITOLO,PROGRESSIVO,TEMA
106,BASE,1.1.2-31,TEORIA DELLO SCAFO
144,BASE,1.2.2-1,MOTORI
146,BASE,1.2.2-3,MOTORI
232,BASE,1.3.1-3,SICUREZZA DELLA NAVIGAZIONE
276,BASE,1.3.3-4,SICUREZZA DELLA NAVIGAZIONE
278,BASE,1.3.3-6,SICUREZZA DELLA NAVIGAZIONE
281,BASE,1.3.3-9,SICUREZZA DELLA NAVIGAZIONE
283,BASE,1.3.3-11,SICUREZZA DELLA NAVIGAZIONE
286,BASE,1.3.3-14,SICUREZZA DELLA NAVIGAZIONE
295,BASE,1.3.3-23,SICUREZZA DELLA NAVIGAZIONE
297,BASE,1.3.3-25,SICUREZZA DELLA NAVIGAZIONE
298,BASE,1.3.3-26,SICUREZZA DELLA NAVIGAZIONE
304,BASE,1.3.3-32,SICUREZZA DELLA NAVIGAZIONE
305,BASE,1.3.3-33,SICUREZZA DELLA NAVIGAZIONE
307,BASE,1.3.3-35,SICUREZZA DELLA NAVIGAZIONE
308,BASE,1.3.3-36,SICUREZZA DELLA NAVIGAZIONE
313,BASE,1.3.3-41,SICUREZZA DELLA NAVIGAZIONE
314,BASE,1.3.3-42,SICUREZZA DELLA NAVIGAZIONE
405,BASE,1.3.8-15,SICUREZZA DELLA NAVIGAZIONE
408,BASE,1.3.8-18,SICUREZZA DELLA NAVIGAZIONE
446,BASE,1.4.1-2,MANOVRA E CONDOTTA
455,BASE,1.4.1-11,MANOVRA E CONDOTTA
466,BASE,1.4.2-1,MANOVRA E CONDOTTA
468,BASE,1.4.2-3,MANOVRA E CONDOTTA
505,BASE,1.4.3-8,MANOVRA E CONDOTTA
517,BASE,1.4.3-20,MANOVRA E CONDOTTA
593,BASE,1.4.4-43,MANOVRA E CONDOTTA
599,BASE,1.4.4-49,MANOVRA E CONDOTTA
607,BASE,1.5.1-8,COLREG E SEGNALAMENTO MARITTIMO
699,BASE,1.5.2-36,COLREG E SEGNALAMENTO MARITTIMO
730,BASE,1.5.3-4,COLREG E SEGNALAMENTO MARITTIMO
822,BASE,1.5.3-96,COLREG E SEGNALAMENTO MARITTIMO
1032,BASE,1.7.2-21,NAVIGAZIONE CARTOGRAFICA ED ELETTRONICA
1093,BASE,1.7.4-13,NAVIGAZIONE CARTOGRAFICA ED ELETTRONICA
1260,BASE,1.7.7-10,NAVIGAZIONE CARTOGRAFICA ED ELETTRONICA
1310,BASE,1.8.1-22,NORMATIVA DIPORTISTICA E AMBIENTALE
1342,BASE,1.8.1-54,NORMATIVA DIPORTISTICA E AMBIENTALE
,,,
,,,
